{
    "providers": [
        // Duoduellum Logo
        {
            "type": "bitmap",
            "file": "minecraft:game_logos/test.png",
            "ascent": 48,
            "height": 48,
            "chars": ["\u249F"]
        },

        // Menu Select GUI
        {
            "type": "bitmap",
            "file": "minecraft:hopper.png",
            "ascent": 13,
            "height": 133,
            "chars": ["Ⓘ"]
        },

        // Negative Pixel
        {
            "type": "space",
            "advances": {"⓿":-1, "⓪": 0,"⑴":1, "⑵":2, 
                "⑶":3, "⑷":4, "⑸":5, "⑹":6, "⑺":7, 
                "⑻":8, "⑼":9, "⑽":10, "⑾":11, "⑿":12, 
                "⒀":13, "⒁":14, "⒂":15, "⒃":16, "⒄":17, 
                "⒅":18, "⒆":19, "⒇":20}

        },




        // Team 1
        {
            "type": "bitmap",
            "file": "minecraft:team_logos/test.png",
            "ascent": 7,
            "height": 17,
            "chars": ["①"]
        }
    ]
}
